{"accuracy": 0.043959668300037696, "accuracy_ignorning_refer": 0.043959668300037696}